Workbook

Sheet Task Handover Tracker
A1: ACTIVITY TASK HANDOVER TRACKER
A3: Track task ownership, progress, and handover status across teams and activities | I3: Last Updated: March 17, 2026
A4: TASK IDENTIFICATION | E4: OWNERSHIP & ASSIGNMENT | H4: TIMELINE | K4: HANDOVER DETAILS | N4: STATUS & PRIORITY
A5: # | B5: Activity / Project | C5: Task Name | D5: Description | E5: Task Owner | F5: Handing Over To | G5: Department / Team | H5: Start Date | I5: Due Date | J5: Handover Date | K5: Handover Notes | L5: Acceptance Criteria | M5: Sign-Off By | N5: Priority | O5: Status | P5: % Complete
A6: 1 | B6: ERP Implementation | C6: System Configuration | D6: Configure GL and AP modules | E6: Sarah Chen | F6: Mike Patel | G6: IT / Finance | H6: 2026-02-01 | I6: 2026-03-20 | J6: 2026-03-15 | K6: All config docs in SharePoint | L6: Tested in UAT & approved by Finance | M6: CFO | N6: High | O6: Completed | P6: 100%
A7: 2 | B7: ERP Implementation | C7: Data Migration | D7: Migrate historical data to new system | E7: James Wright | F7: Sarah Chen | G7: IT | H7: 2026-02-15 | I7: 2026-04-01 | J7: 2026-03-28 | K7: Use migration runbook v3 | L7: Zero data loss; reconcile record counts | M7: IT Director | N7: Critical | O7: In Progress | P7: 65%
A8: 3 | B8: ERP Implementation | C8: User Training | D8: Conduct end-user training sessions | E8: Emily Davis | F8: HR Team | G8: HR / Training | H8: 2026-03-01 | I8: 2026-04-15 | J8: 2026-04-10 | K8: Training deck shared via LMS | L8: 80% completion rate on assessment | M8: CHRO | N8: High | O8: Not Started | P8: 0%
A9: 4 | B9: Q2 Marketing Campaign | C9: Campaign Planning | D9: Define campaign goals and budget | E9: Tom Nguyen | F9: Lisa Park | G9: Marketing | H9: 2026-02-10 | I9: 2026-03-10 | J9: 2026-03-05 | K9: Brief doc emailed to Lisa | L9: Approved campaign brief signed | M9: CMO | N9: Medium | O9: Completed | P9: 100%
A10: 5 | B10: Q2 Marketing Campaign | C10: Creative Production | D10: Design ads and copy assets | E10: Lisa Park | F10: Creative Agency | G10: Marketing | H10: 2026-03-05 | I10: 2026-04-01 | J10: 2026-03-25 | K10: Brand guidelines in Dropbox | L10: Final assets approved by brand team | M10: CMO | N10: High | O10: In Progress | P10: 40%
A11: 6 | B11: Office Relocation | C11: IT Infrastructure Setup | D11: Set up network and workstations | E11: Dev Kumar | F11: Facilities Mgr | G11: IT | H11: 2026-03-10 | I11: 2026-05-01 | J11: 2026-04-28 | K11: Network diagram v2 filed | L11: All endpoints tested and live | M11: CTO | N11: Medium | O11: Not Started | P11: 0%
A12: 7 | B12: Office Relocation | C12: Vendor Coordination | D12: Liaise with movers and fit-out vendors | E12: Anna Smith | F12: Dev Kumar | G12: Operations | H12: 2026-03-01 | I12: 2026-04-20 | J12: 2026-04-15 | K12: Vendor contracts in legal drive | L12: All contracts signed; schedule confirmed | M12: COO | N12: Low | O12: In Progress | P12: 55%
A13: 8 | B13: Product Launch – v3.0 | C13: QA Testing | D13: Run full regression and UAT | E13: Raj Mehta | F13: PM Team | G13: Engineering | H13: 2026-02-20 | I13: 2026-03-31 | J13: 2026-03-28 | K13: Test cases in Jira | L13: Pass rate ≥ 98%; P1 bugs = 0 | M13: CPO | N13: Critical | O13: In Progress | P13: 80%
A14: 9 | B14: Product Launch – v3.0 | C14: Release Communication | D14: Draft internal & external release notes | E14: Sophie Turner | F14: Marketing | G14: Product | H14: 2026-03-15 | I14: 2026-04-05 | J14: 2026-04-01 | K14: Comms plan template shared | L14: Approved by Legal and Product | M14: CPO | N14: Medium | O14: Not Started | P14: 0%
A15: 10 | B15: Compliance Review | C15: Policy Update | D15: Update data privacy policies | E15: Chris Brown | F15: Legal Counsel | G15: Legal / Compliance | H15: 2026-01-15 | I15: 2026-03-15 | J15: 2026-03-10 | K15: Redline docs in legal folder | L15: Board sign-off obtained | M15: General Counsel | N15: Critical | O15: Completed | P15: 100%
A16: TOTALS / SUMMARY | N16: =COUNTIF(N6:N15,"Critical") -> 3 | O16: =COUNTIF(O6:O15,"Completed") -> 3 | P16: =IFERROR(AVERAGEIF(P6:P15,"<>",P6:P15),"N/A") -> N/A

Sheet Dashboard
A1: HANDOVER DASHBOARD – AT A GLANCE
A4: TOTAL TASKS | C4: COMPLETED | E4: IN PROGRESS | G4: NOT STARTED | I4: CRITICAL TASKS | K4: AVG COMPLETION
A5: ='Task Handover Tracker'!A15 -> 10 | C5: =COUNTIF('Task Handover Tracker'!O6:O1000,"Completed") -> 3 | E5: =COUNTIF('Task Handover Tracker'!O6:O1000,"In Progress") -> 4 | G5: =COUNTIF('Task Handover Tracker'!O6:O1000,"Not Started") -> 3 | I5: =COUNTIF('Task Handover Tracker'!N6:N1000,"Critical") -> 3 | K5: =IFERROR(AVERAGEIF('Task Handover Tracker'!O6:O1000,"<>",'Task Handover Tracker'!P6:P1000),0) -> 0
A9: STATUS BREAKDOWN | F9: PRIORITY BREAKDOWN
A10: # | B10: Status | C10: Count | D10: % of Total | F10: # | G10: Priority | H10: Count | I10: % of Total
A11: 1 | B11: Completed | C11: =COUNTIF('Task Handover Tracker'!O6:O1000,B11) -> 3 | D11: =IFERROR(C11/SUM(C11:C14),0) -> 0.3 | F11: 1 | G11: Critical | H11: =COUNTIF('Task Handover Tracker'!N6:N1000,G11) -> 3 | I11: =IFERROR(H11/SUM(H11:H14),0) -> 0.3
A12: 2 | B12: In Progress | C12: =COUNTIF('Task Handover Tracker'!O6:O1000,B12) -> 4 | D12: =IFERROR(C12/SUM(C11:C14),0) -> 0.4 | F12: 2 | G12: High | H12: =COUNTIF('Task Handover Tracker'!N6:N1000,G12) -> 3 | I12: =IFERROR(H12/SUM(H11:H14),0) -> 0.3
A13: 3 | B13: Not Started | C13: =COUNTIF('Task Handover Tracker'!O6:O1000,B13) -> 3 | D13: =IFERROR(C13/SUM(C11:C14),0) -> 0.3 | F13: 3 | G13: Medium | H13: =COUNTIF('Task Handover Tracker'!N6:N1000,G13) -> 3 | I13: =IFERROR(H13/SUM(H11:H14),0) -> 0.3
A14: 4 | B14: On Hold | C14: =COUNTIF('Task Handover Tracker'!O6:O1000,B14) -> 0 | D14: =IFERROR(C14/SUM(C11:C14),0) -> 0 | F14: 4 | G14: Low | H14: =COUNTIF('Task Handover Tracker'!N6:N1000,G14) -> 1 | I14: =IFERROR(H14/SUM(H11:H14),0) -> 0.1
A17: 💡 TIP: Use the filters in the Task Handover Tracker sheet to slice by Owner, Status, Priority, or Department.

Sheet Instructions
A1: HOW TO USE THIS TRACKER
A4: STEP | B4: ACTION | C4: NOTES
A5: 1 | B5: Open Task Handover Tracker sheet | C5: This is the main data entry sheet
A6: 2 | B6: Fill in Activity / Project | C6: Group related tasks under one activity name
A7: 3 | B7: Enter Task Name & Description | C7: Be specific so the receiver understands scope
A8: 4 | B8: Set Task Owner | C8: The person currently responsible for the task
A9: 5 | B9: Set Handing Over To | C9: The person who will take over the task
A10: 6 | B10: Enter Start, Due & Handover Dates | C10: Use DD/MM/YYYY format
A11: 7 | B11: Fill in Handover Notes | C11: Document anything critical the receiver needs to know
A12: 8 | B12: Define Acceptance Criteria | C12: What does done look like for this handover?
A13: 9 | B13: Set Priority (dropdown) | C13: Critical / High / Medium / Low
A14: 10 | B14: Update Status (dropdown) | C14: Not Started / In Progress / On Hold / Completed
A15: 11 | B15: Update % Complete | C15: Enter as a percentage e.g. 75%
A16: 12 | B16: View Dashboard | C16: Check the Dashboard tab for live summary KPIs
